{"cameraMode":{"drawMode":0,"name":"Shaded","section":"Shading Mode"},"sceneLighting":false,"audioPlay":false,"sceneViewState":{"showFog":false,"showMaterialUpdate":false,"showSkybox":false,"showFlares":false,"showImageEffects":false,"showParticleSystems":false},"in2DMode":false,"pivot":{"x":0.5380877256393433,"y":0.41156846284866335,"z":0.18075275421142579},"rotation":{"x":-0.22923868894577027,"y":0.010801275260746479,"z":-0.0025440019089728595,"w":-0.9733083844184876},"size":1.0053541660308838,"orthographic":false}