{"cameraMode":{"drawMode":0,"name":"Shaded","section":"Shading Mode"},"sceneLighting":true,"audioPlay":false,"sceneViewState":{"showFog":false,"showMaterialUpdate":false,"showSkybox":false,"showFlares":false,"showImageEffects":false,"showParticleSystems":false},"in2DMode":false,"pivot":{"x":-0.026699930429458619,"y":0.6589374542236328,"z":-0.22246670722961427},"rotation":{"x":-0.18865066766738892,"y":-0.10085715353488922,"z":0.01948152668774128,"w":-0.9766584038734436},"size":1.4590914249420167,"orthographic":false}