{"cameraMode":{"drawMode":0,"name":"Shaded","section":"Shading Mode"},"sceneLighting":false,"audioPlay":false,"sceneViewState":{"showFog":false,"showMaterialUpdate":false,"showSkybox":false,"showFlares":false,"showImageEffects":false,"showParticleSystems":false},"in2DMode":false,"pivot":{"x":0.7152674198150635,"y":11.935333251953125,"z":-1.1597843170166016},"rotation":{"x":-0.1539469212293625,"y":-0.055698979645967486,"z":0.008692245930433274,"w":-0.9864703416824341},"size":6.3888959884643559,"orthographic":false}