{"cameraMode":{"drawMode":0,"name":"Shaded","section":"Shading Mode"},"sceneLighting":true,"audioPlay":false,"sceneViewState":{"showFog":false,"showMaterialUpdate":false,"showSkybox":false,"showFlares":false,"showImageEffects":false,"showParticleSystems":false},"in2DMode":false,"pivot":{"x":-0.3496403992176056,"y":2.5070552825927736,"z":-4.728670120239258},"rotation":{"x":-0.22923868894577027,"y":0.010801275260746479,"z":-0.0025440019089728595,"w":-0.9733083844184876},"size":-0.8000032305717468,"orthographic":false}