{"cameraMode":{"drawMode":0,"name":"Shaded","section":"Shading Mode"},"sceneLighting":false,"audioPlay":false,"sceneViewState":{"showFog":false,"showMaterialUpdate":false,"showSkybox":false,"showFlares":false,"showImageEffects":false,"showParticleSystems":false},"in2DMode":false,"pivot":{"x":-0.8969234228134155,"y":0.11299999058246613,"z":0.0},"rotation":{"x":-0.22923868894577027,"y":0.010801275260746479,"z":-0.0025440019089728595,"w":-0.9733083844184876},"size":1.005354881286621,"orthographic":false}