{"cameraMode":{"drawMode":0,"name":"Shaded","section":"Shading Mode"},"sceneLighting":false,"audioPlay":false,"sceneViewState":{"showFog":false,"showMaterialUpdate":false,"showSkybox":false,"showFlares":false,"showImageEffects":false,"showParticleSystems":false},"in2DMode":false,"pivot":{"x":-0.28785133361816409,"y":8.13028335571289,"z":-2.271411895751953},"rotation":{"x":-0.1539469212293625,"y":-0.055698979645967486,"z":0.008692245930433274,"w":-0.9864703416824341},"size":6.593313217163086,"orthographic":false}