{"cameraMode":{"drawMode":0,"name":"Shaded","section":"Shading Mode"},"sceneLighting":true,"audioPlay":false,"sceneViewState":{"showFog":false,"showMaterialUpdate":false,"showSkybox":false,"showFlares":false,"showImageEffects":false,"showParticleSystems":false},"in2DMode":false,"pivot":{"x":0.1765272617340088,"y":1.137381672859192,"z":-0.948209285736084},"rotation":{"x":-0.13783696293830872,"y":0.021389087662100793,"z":-0.00297743477858603,"w":-0.9902213215827942},"size":1.6138873100280762,"orthographic":false}